station_id,year,count_days_frost,count_days_hot,count_days_ice,count_days_summer,count_days_tropical_night,cloud_cover_total,precipitation_height,sunshine_duration,temperature_air_max_2m,temperature_air_max_2m_mean,temperature_air_mean_2m,temperature_air_min_2m,temperature_air_min_2m_mean,wind_force_beaufort
00661,1881,,,,,,,,,,11.48,7.55,,,
00661,1882,,,,,,,,,,12.86,9.0,,,
00661,1883,,,,,,,,,,12.55,8.48,,,
00661,1884,,,,,,,,,,13.24,9.13,,,
00661,1885,,,,,,,,,,12.08,7.94,,,
00661,1886,,,,,,,,,,13.03,8.33,,,
00661,1887,,,,,,,,,,12.07,7.67,,,
00661,1888,,,,,,,,,,11.72,7.49,,,
00661,1889,,,,,,,,,,12.48,8.32,,,
00661,1890,,,,,,,,,,12.36,8.14,,,
00661,1891,88.0,0.0,24.0,21.0,0.0,0.6338,781.6,,29.3,12.5,8.41,-18.0,4.68,3.29
00661,1892,94.0,12.0,35.0,38.0,0.0,0.6062,513.1,,36.3,12.57,8.29,-15.8,4.15,3.04
00661,1893,80.0,7.0,28.0,35.0,0.0,0.5962,579.6,,34.6,13.06,8.71,-22.6,4.46,3.15
00661,1894,60.0,5.0,15.0,21.0,0.0,0.6412,623.7,,33.7,12.99,8.98,-18.1,5.2,3.24
00661,1895,105.0,6.0,44.0,42.0,0.0,0.6238,741.4,,32.2,12.47,8.15,-19.5,4.24,3.31
00661,1896,81.0,2.0,16.0,25.0,0.0,0.6662,683.2,,32.4,12.36,8.51,-9.5,4.94,3.05
00661,1897,83.0,1.0,28.0,35.0,0.0,0.6512,731.8,,30.4,12.57,8.61,-12.6,4.91,3.11
00661,1898,50.0,6.0,0.0,27.0,0.0,0.6988,783.4,,33.4,13.08,9.32,-5.6,5.81,3.58
00661,1899,78.0,3.0,25.0,32.0,0.0,0.6188,712.0,,30.5,13.03,8.92,-19.7,5.07,3.48
00661,1900,74.0,7.0,12.0,36.0,0.0,0.6662,652.6,,33.5,13.09,9.14,-14.4,5.49,3.32
00661,1901,98.0,3.0,35.0,35.0,0.0,0.595,730.1,,32.7,12.6,8.49,-23.7,4.49,3.46
00661,1902,84.0,4.0,27.0,20.0,0.0,0.6475,689.1,,30.8,11.5,7.64,-18.8,4.07,3.89
00661,1903,53.0,3.0,14.0,19.0,0.0,0.64,776.8,,31.0,13.16,9.34,-10.6,5.8,3.99
00661,1904,64.0,5.0,19.0,31.0,0.0,0.6488,570.6,,35.3,13.11,9.16,-8.1,5.44,3.76
00661,1905,78.0,6.0,12.0,39.0,1.0,0.6725,884.3,,33.5,12.59,8.79,-11.1,5.35,3.89
00661,1906,72.0,6.0,15.0,32.0,0.0,0.6288,739.5,,31.0,13.45,9.36,-11.2,5.69,3.77
00661,1907,72.0,4.0,23.0,15.0,0.0,0.635,586.5,,31.8,12.58,8.61,-16.3,4.96,3.64
00661,1908,86.0,5.0,23.0,32.0,0.0,0.61,577.3,,32.7,12.53,8.41,-16.6,4.62,3.41
00661,1909,97.0,1.0,21.0,14.0,0.0,0.6288,692.5,,31.8,12.19,8.25,-14.1,4.42,3.47
00661,1910,58.0,5.0,3.0,25.0,0.0,0.6325,571.5,,30.9,13.38,9.46,-9.6,5.73,3.4
00661,1911,62.0,22.0,4.0,54.0,1.0,0.5962,438.8,,36.4,14.5,10.24,-7.3,6.11,3.51
00661,1912,51.0,3.0,17.0,22.0,0.0,0.63,774.7,,30.6,12.63,8.77,-18.2,5.05,3.56
00661,1913,58.0,1.0,10.0,25.0,0.0,0.605,669.2,,30.3,13.62,9.6,-8.7,5.74,3.52
00661,1914,45.0,4.0,17.0,40.0,0.0,0.63,682.1,,30.6,13.6,9.7,-12.6,5.93,3.4
00661,1915,89.0,6.0,17.0,24.0,0.0,0.645,729.2,,34.3,12.61,8.69,-12.9,4.71,3.41
00661,1916,66.0,0.0,8.0,14.0,0.0,0.6675,835.7,,28.7,12.95,9.22,-7.9,5.64,3.5
00661,1917,97.0,8.0,43.0,50.0,0.0,0.6088,609.9,,33.1,12.57,8.53,-21.1,4.6,3.47
00661,1918,63.0,2.0,9.0,21.0,0.0,0.6425,718.0,,33.1,13.33,9.51,-8.3,5.86,3.34
00661,1919,96.0,6.0,32.0,31.0,0.0,0.665,599.2,,32.9,11.93,8.14,-16.3,4.36,3.44
00661,1920,74.0,1.0,15.0,27.0,0.0,0.6062,544.9,,31.3,13.62,9.52,-10.4,5.66,3.27
00661,1921,60.0,10.0,19.0,49.0,1.0,0.5675,581.6,,35.3,14.34,9.86,-10.5,5.6,3.54
00661,1922,85.0,4.0,29.0,23.0,0.0,0.6512,784.7,,35.0,11.86,8.03,-19.5,4.23,3.36
00661,1924,,,,,,,610.0,,,,,,,
00661,1925,58.0,8.0,13.0,34.0,1.0,0.6575,601.9,,32.7,13.36,9.28,-14.6,5.61,2.59
00661,1926,50.0,2.0,18.0,21.0,0.0,0.7012,862.8,,31.1,13.23,9.48,-10.4,6.23,2.69
00661,1927,70.0,3.0,24.0,27.0,0.0,0.6625,744.4,,33.0,12.69,8.73,-18.8,5.4,2.37
00661,1928,69.0,7.0,13.0,21.0,0.0,0.6188,707.5,,32.5,13.09,8.94,-10.1,5.21,2.36
00661,1929,94.0,8.0,48.0,42.0,1.0,0.5975,476.6,,33.2,12.43,8.0,-26.3,3.73,2.29
00661,1930,60.0,6.0,6.0,30.0,0.0,0.6325,593.4,,31.7,13.44,9.61,-6.6,6.02,2.28
00661,1931,89.0,5.0,23.0,23.0,0.0,0.6288,724.2,5991480.0,31.6,12.32,8.55,-9.5,5.13,2.13
00661,1932,81.0,9.0,11.0,38.0,1.0,0.5988,632.7,6018840.0,34.9,13.42,9.31,-13.1,5.6,1.93
00661,1933,88.0,4.0,32.0,33.0,1.0,0.585,484.3,,32.3,13.13,8.5,-16.6,4.43,1.96
00661,1934,34.0,3.0,4.0,53.0,0.0,0.6188,429.5,6415920.0,31.1,15.2,10.63,-12.4,6.56,2.29
00661,1935,63.0,5.0,19.0,32.0,1.0,0.6175,692.1,6701400.0,31.4,13.38,9.45,-14.0,5.5,2.58
00661,1936,75.0,1.0,5.0,26.0,0.0,0.6688,676.0,5405760.0,30.5,13.18,9.4,-11.7,5.5,2.41
00661,1937,,,,,,0.6725,708.9,,,,,,,2.51
00661,1938,54.0,7.0,17.0,42.0,1.0,0.62,669.9,6199200.0,31.4,13.69,,-16.2,5.96,2.72
00661,1939,67.0,3.0,15.0,44.0,0.0,0.6512,739.4,5981040.0,31.7,13.5,9.4,-11.9,5.6,
00661,1940,102.0,0.0,57.0,26.0,0.0,0.63,758.9,5821920.0,28.4,11.35,7.24,-23.3,3.25,2.25
00661,1941,96.0,8.0,33.0,25.0,0.0,0.66,733.1,5564520.0,32.0,11.79,8.01,-16.8,4.28,2.48
00661,1942,101.0,6.0,49.0,32.0,0.0,0.6362,557.2,6073920.0,32.1,12.12,8.02,-23.6,4.04,2.19
00661,1943,66.0,9.0,9.0,32.0,1.0,0.6038,576.2,6499800.0,36.1,14.26,9.84,-11.7,5.78,2.28
00661,1944,67.0,13.0,10.0,41.0,2.0,0.6662,674.8,,34.2,13.49,9.46,-10.7,5.81,2.32
00661,1945,59.0,2.0,20.0,29.0,0.0,0.705,625.4,,31.0,13.41,9.44,-11.8,5.88,2.52
00661,1946,76.0,3.0,27.0,27.0,2.0,0.6512,662.1,5257080.0,34.0,13.17,9.26,-16.2,5.48,2.02
00661,1947,95.0,26.0,53.0,66.0,1.0,0.5812,592.9,6709320.0,33.7,13.43,9.22,-17.5,4.89,1.78
00661,1948,56.0,11.0,10.0,33.0,0.0,0.635,692.4,,33.0,14.33,10.24,-12.0,6.43,1.68
00661,1949,57.0,5.0,6.0,41.0,0.0,0.6025,560.5,6437520.0,32.7,14.54,10.22,-9.8,6.37,1.95
00661,1950,63.0,5.0,18.0,30.0,0.0,0.6788,709.1,5416560.0,31.6,13.37,9.63,-14.0,6.21,1.86
00661,1951,45.0,3.0,7.0,31.0,0.0,0.6875,677.7,5475240.0,32.4,13.79,9.74,-10.5,6.17,1.74
00661,1952,83.0,3.0,13.0,30.0,2.0,0.7038,634.4,5170680.0,35.0,12.44,8.9,-9.4,5.49,2.08
00661,1953,55.0,6.0,8.0,37.0,0.0,0.66,,5948280.0,31.7,14.43,10.23,-14.0,6.48,1.93
00662,1940,,,,,,,,,,,6.93,,,
00662,1943,,,,,,,,,,,9.92,,,
00662,1944,,,,,,,,,,,9.53,,,
00662,1948,,,,,,,,,,13.62,,,,
00662,1949,,,,,,,577.0,,,14.1,,,,
00662,1950,,,,,,,686.0,,,13.11,,,,
00662,1951,,,,,,,619.0,,,13.43,,,,
00662,1952,,,,,,,676.0,,,12.13,,,,
00662,1953,,,,,,,465.0,,,14.05,,,,
00662,1954,,,,,,,841.0,,,12.13,,,,
00662,1955,,,,,,,650.0,,,11.94,,,,
00662,1956,,,,,,,810.0,,,11.05,,,,
00662,1957,,,,,,,726.0,,,13.01,,,,
00662,1958,,,,,,,765.0,,,12.38,,,,
00662,1959,,,,,,,303.0,,,14.41,,,,
00662,1960,,,,,,,689.0,,,12.66,,,,
00662,1961,53.0,4.0,20.0,19.0,0.0,0.6838,942.6,5297040.0,31.7,13.38,9.5,-15.6,6.04,2.74
00662,1962,84.0,0.0,26.0,9.0,0.0,0.6962,607.6,4872240.0,28.6,11.34,7.49,-18.6,4.21,2.91
00662,1963,101.0,4.0,62.0,23.0,0.0,0.6462,517.8,5465520.0,35.1,11.75,7.46,-22.8,3.41,2.43
00662,1964,89.0,10.0,35.0,37.0,0.0,0.6488,463.3,5529600.0,33.3,12.58,8.52,-14.2,4.63,2.71
00662,1965,84.0,0.0,27.0,9.0,0.0,0.6738,767.0,4894200.0,26.9,11.67,7.96,-18.3,4.45,2.8
00662,1966,70.0,2.0,28.0,27.0,0.0,0.7188,822.1,4834800.0,33.0,12.58,8.9,-12.1,5.46,2.37
00662,1967,55.0,2.0,9.0,21.0,0.0,0.6712,693.0,5531400.0,30.6,13.47,9.59,-10.5,5.88,2.51
00662,1968,88.0,0.0,29.0,31.0,0.0,0.67,567.1,5745960.0,29.8,12.61,8.77,-18.0,4.84,2.4
00662,1969,110.0,10.0,47.0,28.0,1.0,0.6762,561.5,5441040.0,32.4,12.06,8.29,-20.9,4.49,2.41
00662,1970,91.0,2.0,36.0,30.0,0.0,0.6962,772.3,5388120.0,30.7,11.78,8.19,-14.5,4.77,2.37
00662,1971,66.0,6.0,16.0,32.0,0.0,0.68,492.9,5844600.0,32.3,13.07,9.1,-20.3,5.26,2.33
00662,1972,71.0,5.0,15.0,18.0,0.0,0.6675,471.9,5490360.0,30.9,12.27,8.39,-17.2,4.65,2.47
00662,1973,74.0,6.0,9.0,31.0,0.0,0.6775,444.3,5724720.0,32.3,12.84,9.0,-13.8,5.13,2.67
00662,1974,32.0,2.0,0.0,12.0,0.0,0.7312,524.8,5082840.0,34.1,13.39,9.62,-3.7,5.86,2.8
00662,1975,61.0,8.0,8.0,45.0,0.0,0.675,483.3,6189120.0,33.2,13.76,9.79,-8.3,5.85,2.62
00662,1976,88.0,8.0,23.0,37.0,0.0,0.6388,474.2,6078240.0,32.9,12.91,8.98,-11.9,4.71,2.65
00662,1977,53.0,0.0,7.0,12.0,0.0,0.7188,739.4,4912200.0,29.0,12.91,9.29,-6.7,5.67,2.63
00662,1978,82.0,0.0,28.0,18.0,0.0,0.7212,628.9,4656240.0,29.8,11.92,8.36,-18.2,5.02,2.63
00662,1979,87.0,0.0,31.0,23.0,0.0,0.7088,614.0,4960800.0,29.9,11.72,8.15,-19.1,4.5,2.63
00662,1980,90.0,0.0,27.0,10.0,0.0,0.6862,659.8,5219280.0,29.9,11.92,8.29,-14.5,4.68,2.57
00662,1981,82.0,1.0,27.0,20.0,0.0,0.7225,881.3,4959000.0,31.2,12.21,8.74,-19.8,5.17,2.58
00662,1982,65.0,5.0,16.0,38.0,0.0,0.6125,560.1,6357600.0,31.6,13.61,9.71,-14.8,5.84,2.38
00662,1983,61.0,10.0,18.0,49.0,1.0,0.6538,591.6,5896080.0,32.1,13.69,9.83,-15.4,5.94,2.52
00662,1984,80.0,1.0,14.0,17.0,0.0,0.6988,618.0,4863960.0,31.5,12.09,8.69,-8.7,5.46,2.44
00662,1985,90.0,2.0,44.0,17.0,0.0,0.6988,574.4,5465520.0,33.1,11.65,8.1,-18.7,4.59,2.43
00662,1986,69.0,3.0,37.0,23.0,0.0,0.66,707.8,5627160.0,32.2,12.19,8.39,-20.6,4.54,2.55
00662,1987,90.0,2.0,38.0,12.0,0.0,0.7138,666.0,4896360.0,31.0,11.32,7.81,-22.2,4.25,2.49
00662,1988,61.0,0.0,6.0,25.0,0.0,0.715,600.3,5382720.0,29.1,13.4,9.75,-8.2,6.16,2.58
00662,1989,54.0,6.0,7.0,44.0,0.0,0.6275,491.4,6609960.0,32.8,14.53,10.33,-7.8,6.34,2.37
00662,1990,38.0,5.0,6.0,29.0,0.0,0.6662,614.7,6333120.0,34.5,14.25,10.35,-5.8,6.52,2.52
00662,1991,76.0,3.0,16.0,29.0,1.0,0.66,469.8,6237720.0,31.5,12.93,9.02,-14.0,5.2,2.34
00662,1992,42.0,10.0,14.0,47.0,0.0,0.675,610.0,6233040.0,38.2,14.06,10.15,-9.0,6.19,2.49
00662,1993,74.0,0.0,23.0,23.0,0.0,0.71,686.2,5614200.0,28.1,12.49,8.79,-13.4,5.19,2.51
00662,1994,43.0,17.0,13.0,34.0,3.0,0.6875,751.6,6356520.0,36.5,13.99,10.16,-13.4,6.42,2.5
00662,1995,73.0,14.0,23.0,45.0,0.0,0.6962,622.9,6322320.0,32.7,13.42,9.52,-12.9,5.71,2.47
00662,1996,110.0,2.0,51.0,22.0,0.0,0.7125,548.5,5448240.0,31.7,11.1,7.55,-17.5,3.98,2.33
00662,1997,68.0,7.0,16.0,43.0,0.0,0.6838,587.3,6524640.0,32.7,13.5,9.5,-21.5,5.64,2.34
00662,1998,60.0,6.0,21.0,20.0,1.0,0.75,732.5,4830840.0,33.9,13.17,9.68,-11.2,6.36,2.63
00662,1999,59.0,6.0,9.0,44.0,0.0,0.6725,536.2,6234840.0,32.9,14.37,10.35,-10.4,6.51,2.54
00662,2000,43.0,5.0,8.0,24.0,1.0,0.6925,543.7,5630040.0,33.8,14.44,10.61,-7.4,6.93,2.59
00662,2001,73.0,5.0,16.0,30.0,0.0,0.71,722.5,5341320.0,33.8,13.21,9.5,-11.3,5.84,2.52
00662,2002,66.0,7.0,18.0,34.0,0.0,0.6812,989.3,5465520.0,33.8,13.54,9.86,-11.4,6.3,2.57
00662,2003,88.0,17.0,20.0,57.0,0.0,0.6075,505.7,6961320.0,36.3,14.29,9.9,-16.0,5.47,2.47
00662,2004,64.0,1.0,7.0,28.0,0.0,0.6938,677.9,6124680.0,30.3,13.41,9.63,-7.3,5.93,2.53
00662,2005,67.0,6.0,19.0,36.0,0.0,0.66,510.4,6154920.0,31.9,13.8,9.78,-11.1,5.87,2.46
00662,2006,76.0,15.0,21.0,55.0,0.0,0.655,446.1,6294240.0,36.5,14.45,10.34,-13.5,6.15,2.37
00662,2007,32.0,3.0,10.0,29.0,1.0,0.6812,866.3,5855040.0,34.6,14.48,10.64,-8.2,6.67,2.52
00662,2008,44.0,7.0,7.0,28.0,0.0,,621.6,6037920.0,33.0,14.15,10.3,-9.3,6.41,2.46
00662,2009,66.0,5.0,20.0,41.0,0.0,0.62,619.2,6438960.0,36.1,14.1,10.04,-17.6,5.89,2.44
00662,2010,101.0,10.0,60.0,35.0,2.0,0.6788,749.9,5537520.0,35.4,12.11,8.3,-18.4,4.33,2.51
00662,2011,67.0,2.0,13.0,39.0,0.0,0.5925,487.1,6603120.0,31.0,14.55,10.29,-10.3,6.02,2.63
00662,2012,63.0,4.0,20.0,29.0,0.0,0.64,561.8,5830920.0,35.7,13.63,9.67,-20.4,5.68,2.57
00662,2013,91.0,10.0,27.0,35.0,0.0,0.6525,652.2,5685840.0,35.0,13.01,9.28,-12.4,5.41,2.54
00662,2014,43.0,5.0,14.0,33.0,0.0,,527.4,5906880.0,32.8,15.1,10.93,-11.1,6.83,
00662,2015,48.0,13.0,1.0,39.0,0.0,,610.1,6262560.0,36.8,14.61,10.44,-6.3,6.21,
00662,2016,68.0,13.0,9.0,42.0,0.0,,505.4,6159960.0,34.6,14.37,10.29,-14.7,6.16,2.48
00662,2017,54.0,2.0,11.0,29.0,0.0,0.8125,818.7,5287320.0,31.5,14.01,10.28,-10.0,6.58,2.57
00662,2018,62.0,19.0,10.0,80.0,1.0,,379.7,7661520.0,36.4,15.61,11.14,-12.0,6.4,
00662,2019,45.0,18.0,3.0,48.0,1.0,0.7138,,6730920.0,36.0,15.4,11.11,-9.4,6.66,
00662,2020,37.0,9.0,0.0,39.0,2.0,0.6675,526.7,7040160.0,34.4,15.53,11.28,-4.2,6.8,2.47
00662,2021,57.0,3.0,14.0,43.0,1.0,,627.9,5655960.0,34.3,14.09,10.06,-18.7,6.05,
00662,2022,53.0,16.0,7.0,58.0,0.0,,535.7,7501320.0,38.3,15.79,11.24,-9.9,6.53,2.48
00662,2023,50.0,9.0,3.0,53.0,0.0,,,,33.3,15.26,11.22,-5.9,7.11,
00662,2024,35.0,11.0,5.0,47.0,1.0,,774.4,6390360.0,32.6,15.6,11.62,-10.0,7.47,
00662,2025,70.0,7.0,6.0,38.0,0.0,0.6862,520.3,7160400.0,37.1,15.06,10.7,-10.1,6.11,2.36
